{"Profiles":[{"ID":"418c41a0-d5cd-4f7b-bee9-ffa427db8257","FullName":"\u0423\u0441\u043C\u0430\u043D\u043E\u0432 \u041C\u0443\u0441\u043B\u0438\u043C","Login":"nimocom","Password":"4815162342","Email":"nimocom.dev@gmail.com","CompletedLessons":null,"CompletedModules":null,"CompletedCourses":null,"TestResults":[{"TestID":"3209349d-e622-480e-8e1b-983ed093fc88","SelectedAnswer":1},{"TestID":"3209349d-e622-480e-8e1b-983ed093fc88","SelectedAnswer":3},{"TestID":"3209349d-e622-480e-8e1b-983ed093fc88","SelectedAnswer":3},{"TestID":"3209349d-e622-480e-8e1b-983ed093fc88","SelectedAnswer":3},{"TestID":"03309ec1-c9ce-489d-830c-dabb07daac10","SelectedAnswer":2},{"TestID":"7d9aac21-96ec-4859-b515-7a77ae031636","SelectedAnswer":2},{"TestID":"115674ef-d89b-4b9f-9142-4a2edfa267fb","SelectedAnswer":0},{"TestID":"32d42ef8-125f-47b2-98b6-91dfd34aa457","SelectedAnswer":3},{"TestID":"test1","SelectedAnswer":1},{"TestID":null,"SelectedAnswer":3},{"TestID":null,"SelectedAnswer":3},{"TestID":null,"SelectedAnswer":3},{"TestID":null,"SelectedAnswer":3},{"TestID":null,"SelectedAnswer":3},{"TestID":"115674ef-d89b-4b9f-9142-4a2edfa267fb","SelectedAnswer":1},{"TestID":"32d42ef8-125f-47b2-98b6-91dfd34aa457","SelectedAnswer":2},{"TestID":"3209349d-e622-480e-8e1b-983ed093fc88","SelectedAnswer":0},{"TestID":"03309ec1-c9ce-489d-830c-dabb07daac10","SelectedAnswer":0},{"TestID":"3209349d-e622-480e-8e1b-983ed093fc88","SelectedAnswer":0},{"TestID":"03309ec1-c9ce-489d-830c-dabb07daac10","SelectedAnswer":0},{"TestID":"32d42ef8-125f-47b2-98b6-91dfd34aa457","SelectedAnswer":2},{"TestID":"115674ef-d89b-4b9f-9142-4a2edfa267fb","SelectedAnswer":3},{"TestID":"7d9aac21-96ec-4859-b515-7a77ae031636","SelectedAnswer":3},{"TestID":null,"SelectedAnswer":1},{"TestID":"3209349d-e622-480e-8e1b-983ed093fc88","SelectedAnswer":3},{"TestID":"03309ec1-c9ce-489d-830c-dabb07daac10","SelectedAnswer":1},{"TestID":"7d9aac21-96ec-4859-b515-7a77ae031636","SelectedAnswer":3},{"TestID":"32d42ef8-125f-47b2-98b6-91dfd34aa457","SelectedAnswer":3},{"TestID":"c23515f3-a270-4e2f-8d35-31cc46b17c3f","SelectedAnswer":2},{"TestID":"fda1df25-49e6-4c31-920b-56f03c3c2a54","SelectedAnswer":3},{"TestID":"0fda8746-26a2-4274-a1db-8dd25a88080f","SelectedAnswer":0},{"TestID":"54df8541-4420-436e-8342-244c5b49d85a","SelectedAnswer":0},{"TestID":"5ef05ed6-9d0b-4c53-9fef-8ea95753cd1a","SelectedAnswer":0},{"TestID":"c9b1948b-ebc7-4959-81f8-480b7b64124a","SelectedAnswer":3},{"TestID":"8aabff83-a48c-4447-8187-97d353485fb7","SelectedAnswer":2}]},{"ID":"93324d57-48a6-4d20-bd56-1d22681bfb5d","FullName":"dfsdfsd","Login":"fsdfdsf","Password":"sdfsdf","Email":"sdfdsf","CompletedLessons":null,"CompletedModules":null,"CompletedCourses":null,"TestResults":null}]}